Filename,Basename,Category,Path,Format,Size (KB),Color Palette,Status
"about-me-page-break.png","about-me-page-break","breaks","breaks/about-me-page-break.png",.png,12580.4,"Mixed earth tones",Oversized
"about-me-page-break.webp","about-me-page-break","breaks","breaks/about-me-page-break.webp",.webp,283.6,"Mixed earth tones",Oversized
"learning-paths-break.png","learning-paths-break","breaks","breaks/learning-paths-break.png",.png,7406.9,"Mixed earth tones",Oversized
"learning-paths-break.webp","learning-paths-break","breaks","breaks/learning-paths-break.webp",.webp,188.7,"Mixed earth tones",OK
"ai-credit-scoring.png","ai-credit-scoring","examples","examples/ai-credit-scoring.png",.png,6144.0,"Company brand colors",Oversized
"ai-credit-scoring.webp","ai-credit-scoring","examples","examples/ai-credit-scoring.webp",.webp,433.7,"Company brand colors",Oversized
"ai-insurance-pricing.png","ai-insurance-pricing","examples","examples/ai-insurance-pricing.png",.png,5281.8,"Company brand colors",Oversized
"ai-insurance-pricing.webp","ai-insurance-pricing","examples","examples/ai-insurance-pricing.webp",.webp,191.4,"Company brand colors",OK
"ai-judicial-sentencing.png","ai-judicial-sentencing","examples","examples/ai-judicial-sentencing.png",.png,5146.5,"Company brand colors",Oversized
"ai-judicial-sentencing.webp","ai-judicial-sentencing","examples","examples/ai-judicial-sentencing.webp",.webp,181.5,"Company brand colors",OK
"ai-resume-screening.png","ai-resume-screening","examples","examples/ai-resume-screening.png",.png,7849.5,"Company brand colors",Oversized
"ai-resume-screening.webp","ai-resume-screening","examples","examples/ai-resume-screening.webp",.webp,168.8,"Company brand colors",OK
"amazon-case2.png","amazon-case2","examples","examples/amazon-case2.png",.png,6810.2,"Company brand colors",Oversized
"amazon-case2.webp","amazon-case2","examples","examples/amazon-case2.webp",.webp,225.4,"Company brand colors",Oversized
"amazon-hiring-bias.png","amazon-hiring-bias","examples","examples/amazon-hiring-bias.png",.png,5966.6,"Company brand colors",Oversized
"amazon-hiring-bias.webp","amazon-hiring-bias","examples","examples/amazon-hiring-bias.webp",.webp,338.3,"Company brand colors",Oversized
"apple-card-bias.png","apple-card-bias","examples","examples/apple-card-bias.png",.png,4609.9,"Company brand colors",Oversized
"apple-card-bias.webp","apple-card-bias","examples","examples/apple-card-bias.webp",.webp,66.3,"Company brand colors",OK
"chatgpt.png","chatgpt","examples","examples/chatgpt.png",.png,5481.6,"Company brand colors",Oversized
"chatgpt.webp","chatgpt","examples","examples/chatgpt.webp",.webp,192.6,"Company brand colors",OK
"compas-bias.png","compas-bias","examples","examples/compas-bias.png",.png,5488.1,"Company brand colors",Oversized
"compas-bias.webp","compas-bias","examples","examples/compas-bias.webp",.webp,261.5,"Company brand colors",Oversized
"deepfake-elections.png","deepfake-elections","examples","examples/deepfake-elections.png",.png,1065.9,"Company brand colors",Oversized
"deepfake-elections.webp","deepfake-elections","examples","examples/deepfake-elections.webp",.webp,23.7,"Company brand colors",OK
"eu-ai-act-cases.png","eu-ai-act-cases","examples","examples/eu-ai-act-cases.png",.png,7337.0,"Company brand colors",Oversized
"eu-ai-act-cases.webp","eu-ai-act-cases","examples","examples/eu-ai-act-cases.webp",.webp,179.2,"Company brand colors",OK
"facial-recognition-bias.png","facial-recognition-bias","examples","examples/facial-recognition-bias.png",.png,4919.3,"Company brand colors",Oversized
"facial-recognition-bias.webp","facial-recognition-bias","examples","examples/facial-recognition-bias.webp",.webp,150.5,"Company brand colors",OK
"foundation-models.png","foundation-models","examples","examples/foundation-models.png",.png,6128.7,"Company brand colors",Oversized
"foundation-models.webp","foundation-models","examples","examples/foundation-models.webp",.webp,285.8,"Company brand colors",Oversized
"gdpr-enforcement-example.png","gdpr-enforcement-example","examples","examples/gdpr-enforcement-example.png",.png,7074.8,"Company brand colors",Oversized
"gdpr-enforcement-example.webp","gdpr-enforcement-example","examples","examples/gdpr-enforcement-example.webp",.webp,197.3,"Company brand colors",OK
"gender-shades.png","gender-shades","examples","examples/gender-shades.png",.png,5614.0,"Company brand colors",Oversized
"gender-shades.webp","gender-shades","examples","examples/gender-shades.webp",.webp,241.4,"Company brand colors",Oversized
"google-maps-example.png","google-maps-example","examples","examples/google-maps-example.png",.png,6434.2,"Company brand colors",Oversized
"google-maps-example.webp","google-maps-example","examples","examples/google-maps-example.webp",.webp,197.3,"Company brand colors",OK
"google-search.png","google-search","examples","examples/google-search.png",.png,5185.9,"Company brand colors",Oversized
"google-search.webp","google-search","examples","examples/google-search.webp",.webp,124.5,"Company brand colors",OK
"healthcare-bias.png","healthcare-bias","examples","examples/healthcare-bias.png",.png,5386.1,"Company brand colors",Oversized
"healthcare-bias.webp","healthcare-bias","examples","examples/healthcare-bias.webp",.webp,181.3,"Company brand colors",OK
"ibm-watson.png","ibm-watson","examples","examples/ibm-watson.png",.png,4936.2,"Company brand colors",Oversized
"ibm-watson.webp","ibm-watson","examples","examples/ibm-watson.webp",.webp,113.2,"Company brand colors",OK
"netflix-recommendations.png","netflix-recommendations","examples","examples/netflix-recommendations.png",.png,5410.6,"Company brand colors",Oversized
"netflix-recommendations.webp","netflix-recommendations","examples","examples/netflix-recommendations.webp",.webp,188.2,"Company brand colors",OK
"openai-anthropic-comparison.png","openai-anthropic-comparison","examples","examples/openai-anthropic-comparison.png",.png,5247.0,"Company brand colors",Oversized
"openai-anthropic-comparison.webp","openai-anthropic-comparison","examples","examples/openai-anthropic-comparison.webp",.webp,89.8,"Company brand colors",OK
"predictive-policing.png","predictive-policing","examples","examples/predictive-policing.png",.png,6654.1,"Company brand colors",Oversized
"predictive-policing.webp","predictive-policing","examples","examples/predictive-policing.webp",.webp,507.7,"Company brand colors",Oversized
"robotic-process-automation.png","robotic-process-automation","examples","examples/robotic-process-automation.png",.png,5247.7,"Company brand colors",Oversized
"robotic-process-automation.webp","robotic-process-automation","examples","examples/robotic-process-automation.webp",.webp,187.7,"Company brand colors",OK
"siri-alexa-example.png","siri-alexa-example","examples","examples/siri-alexa-example.png",.png,5626.5,"Company brand colors",Oversized
"siri-alexa-example.webp","siri-alexa-example","examples","examples/siri-alexa-example.webp",.webp,75.3,"Company brand colors",OK
"tesla-autopilot.png","tesla-autopilot","examples","examples/tesla-autopilot.png",.png,5279.3,"Company brand colors",Oversized
"tesla-autopilot.webp","tesla-autopilot","examples","examples/tesla-autopilot.webp",.webp,163.4,"Company brand colors",OK
"twitter-moderation.png","twitter-moderation","examples","examples/twitter-moderation.png",.png,7234.6,"Company brand colors",Oversized
"twitter-moderation.webp","twitter-moderation","examples","examples/twitter-moderation.webp",.webp,268.2,"Company brand colors",Oversized
"uk-grading-algorithm.png","uk-grading-algorithm","examples","examples/uk-grading-algorithm.png",.png,12068.7,"Company brand colors",Oversized
"uk-grading-algorithm.webp","uk-grading-algorithm","examples","examples/uk-grading-algorithm.webp",.webp,198.6,"Company brand colors",OK
"youtube-recommendation.png","youtube-recommendation","examples","examples/youtube-recommendation.png",.png,5398.7,"Company brand colors",Oversized
"youtube-recommendation.webp","youtube-recommendation","examples","examples/youtube-recommendation.webp",.webp,152.5,"Company brand colors",OK
"agi-asi-and-democratic-governance-algorithmic-democracy.png","agi-asi-and-democratic-governance-algorithmic-democracy","future","future/agi-asi-and-democratic-governance-algorithmic-democracy.png",.png,6150.8,"Blue #4285F4 + Yellow #FBBC04",Oversized
"agi-asi-and-democratic-governance-algorithmic-democracy.webp","agi-asi-and-democratic-governance-algorithmic-democracy","future","future/agi-asi-and-democratic-governance-algorithmic-democracy.webp",.webp,356.0,"Blue #4285F4 + Yellow #FBBC04",Oversized
"ai-agents-and-autonomous-systems-the-next-frontier.png","ai-agents-and-autonomous-systems-the-next-frontier","future","future/ai-agents-and-autonomous-systems-the-next-frontier.png",.png,10370.9,"Blue #4285F4 + Yellow #FBBC04",Oversized
"ai-agents-and-autonomous-systems-the-next-frontier.webp","ai-agents-and-autonomous-systems-the-next-frontier","future","future/ai-agents-and-autonomous-systems-the-next-frontier.webp",.webp,185.2,"Blue #4285F4 + Yellow #FBBC04",OK
"ai-alignment-technical-and-governance-challenges.png","ai-alignment-technical-and-governance-challenges","future","future/ai-alignment-technical-and-governance-challenges.png",.png,5374.6,"Blue #4285F4 + Yellow #FBBC04",Oversized
"ai-alignment-technical-and-governance-challenges.webp","ai-alignment-technical-and-governance-challenges","future","future/ai-alignment-technical-and-governance-challenges.webp",.webp,135.3,"Blue #4285F4 + Yellow #FBBC04",OK
"ai-governance-career-path-aigp-and-beyond.png","ai-governance-career-path-aigp-and-beyond","future","future/ai-governance-career-path-aigp-and-beyond.png",.png,5124.0,"Blue #4285F4 + Yellow #FBBC04",Oversized
"ai-governance-career-path-aigp-and-beyond.webp","ai-governance-career-path-aigp-and-beyond","future","future/ai-governance-career-path-aigp-and-beyond.webp",.webp,245.6,"Blue #4285F4 + Yellow #FBBC04",Oversized
"ai-human-collaboration-interfaces-co-intelligence.png","ai-human-collaboration-interfaces-co-intelligence","future","future/ai-human-collaboration-interfaces-co-intelligence.png",.png,12637.7,"Blue #4285F4 + Yellow #FBBC04",Oversized
"ai-human-collaboration-interfaces-co-intelligence.webp","ai-human-collaboration-interfaces-co-intelligence","future","future/ai-human-collaboration-interfaces-co-intelligence.webp",.webp,233.6,"Blue #4285F4 + Yellow #FBBC04",Oversized
"ai-impact-on-legal-careers-evolution-of-practice.png","ai-impact-on-legal-careers-evolution-of-practice","future","future/ai-impact-on-legal-careers-evolution-of-practice.png",.png,5025.4,"Blue #4285F4 + Yellow #FBBC04",Oversized
"ai-impact-on-legal-careers-evolution-of-practice.webp","ai-impact-on-legal-careers-evolution-of-practice","future","future/ai-impact-on-legal-careers-evolution-of-practice.webp",.webp,146.0,"Blue #4285F4 + Yellow #FBBC04",OK
"ai-liability-evolution-product-liability.png","ai-liability-evolution-product-liability","future","future/ai-liability-evolution-product-liability.png",.png,12726.6,"Blue #4285F4 + Yellow #FBBC04",Oversized
"ai-liability-evolution-product-liability.webp","ai-liability-evolution-product-liability","future","future/ai-liability-evolution-product-liability.webp",.webp,267.9,"Blue #4285F4 + Yellow #FBBC04",Oversized
"ai-standards-development-iso-ieee-frameworks.png","ai-standards-development-iso-ieee-frameworks","future","future/ai-standards-development-iso-ieee-frameworks.png",.png,12444.9,"Blue #4285F4 + Yellow #FBBC04",Oversized
"ai-standards-development-iso-ieee-frameworks.webp","ai-standards-development-iso-ieee-frameworks","future","future/ai-standards-development-iso-ieee-frameworks.webp",.webp,260.6,"Blue #4285F4 + Yellow #FBBC04",Oversized
"artificial-general-intelligence-hype-hope-and-governance.png","artificial-general-intelligence-hype-hope-and-governance","future","future/artificial-general-intelligence-hype-hope-and-governance.png",.png,6091.3,"Blue #4285F4 + Yellow #FBBC04",Oversized
"artificial-general-intelligence-hype-hope-and-governance.webp","artificial-general-intelligence-hype-hope-and-governance","future","future/artificial-general-intelligence-hype-hope-and-governance.webp",.webp,328.1,"Blue #4285F4 + Yellow #FBBC04",Oversized
"digital-sovereignty-national-vs-global-standards.png","digital-sovereignty-national-vs-global-standards","future","future/digital-sovereignty-national-vs-global-standards.png",.png,5579.9,"Blue #4285F4 + Yellow #FBBC04",Oversized
"digital-sovereignty-national-vs-global-standards.webp","digital-sovereignty-national-vs-global-standards","future","future/digital-sovereignty-national-vs-global-standards.webp",.webp,196.4,"Blue #4285F4 + Yellow #FBBC04",OK
"edge-ai-and-distributed-intelligence-decentralized.png","edge-ai-and-distributed-intelligence-decentralized","future","future/edge-ai-and-distributed-intelligence-decentralized.png",.png,4900.1,"Blue #4285F4 + Yellow #FBBC04",Oversized
"edge-ai-and-distributed-intelligence-decentralized.webp","edge-ai-and-distributed-intelligence-decentralized","future","future/edge-ai-and-distributed-intelligence-decentralized.webp",.webp,134.6,"Blue #4285F4 + Yellow #FBBC04",OK
"emerging-ai-roles-prompt-engineers-ethicists-auditors.png","emerging-ai-roles-prompt-engineers-ethicists-auditors","future","future/emerging-ai-roles-prompt-engineers-ethicists-auditors.png",.png,6332.3,"Blue #4285F4 + Yellow #FBBC04",Oversized
"emerging-ai-roles-prompt-engineers-ethicists-auditors.webp","emerging-ai-roles-prompt-engineers-ethicists-auditors","future","future/emerging-ai-roles-prompt-engineers-ethicists-auditors.webp",.webp,450.3,"Blue #4285F4 + Yellow #FBBC04",Oversized
"global-ai-governance-institutions-international-bodies.png","global-ai-governance-institutions-international-bodies","future","future/global-ai-governance-institutions-international-bodies.png",.png,5297.1,"Blue #4285F4 + Yellow #FBBC04",Oversized
"global-ai-governance-institutions-international-bodies.webp","global-ai-governance-institutions-international-bodies","future","future/global-ai-governance-institutions-international-bodies.webp",.webp,191.3,"Blue #4285F4 + Yellow #FBBC04",OK
"global-ai-regulatory-convergence-harmonization.png","global-ai-regulatory-convergence-harmonization","future","future/global-ai-regulatory-convergence-harmonization.png",.png,6881.4,"Blue #4285F4 + Yellow #FBBC04",Oversized
"global-ai-regulatory-convergence-harmonization.webp","global-ai-regulatory-convergence-harmonization","future","future/global-ai-regulatory-convergence-harmonization.webp",.webp,595.3,"Blue #4285F4 + Yellow #FBBC04",Oversized
"international-ai-treaties-global-governance.png","international-ai-treaties-global-governance","future","future/international-ai-treaties-global-governance.png",.png,11855.1,"Blue #4285F4 + Yellow #FBBC04",Oversized
"international-ai-treaties-global-governance.webp","international-ai-treaties-global-governance","future","future/international-ai-treaties-global-governance.webp",.webp,114.4,"Blue #4285F4 + Yellow #FBBC04",OK
"multimodal-ai-systems-beyond-text-and-image.png","multimodal-ai-systems-beyond-text-and-image","future","future/multimodal-ai-systems-beyond-text-and-image.png",.png,9758.9,"Blue #4285F4 + Yellow #FBBC04",Oversized
"multimodal-ai-systems-beyond-text-and-image.webp","multimodal-ai-systems-beyond-text-and-image","future","future/multimodal-ai-systems-beyond-text-and-image.webp",.webp,175.7,"Blue #4285F4 + Yellow #FBBC04",OK
"neuromorphic-computing-brain-inspired-architectures.png","neuromorphic-computing-brain-inspired-architectures","future","future/neuromorphic-computing-brain-inspired-architectures.png",.png,11744.8,"Blue #4285F4 + Yellow #FBBC04",Oversized
"neuromorphic-computing-brain-inspired-architectures.webp","neuromorphic-computing-brain-inspired-architectures","future","future/neuromorphic-computing-brain-inspired-architectures.webp",.webp,181.0,"Blue #4285F4 + Yellow #FBBC04",OK
"quantum-machine-learning-early-developments.png","quantum-machine-learning-early-developments","future","future/quantum-machine-learning-early-developments.png",.png,11651.1,"Blue #4285F4 + Yellow #FBBC04",Oversized
"quantum-machine-learning-early-developments.webp","quantum-machine-learning-early-developments","future","future/quantum-machine-learning-early-developments.webp",.webp,331.4,"Blue #4285F4 + Yellow #FBBC04",Oversized
"the-future-of-ai-regulation-whats-coming-next.png","the-future-of-ai-regulation-whats-coming-next","future","future/the-future-of-ai-regulation-whats-coming-next.png",.png,5700.9,"Blue #4285F4 + Yellow #FBBC04",Oversized
"the-future-of-ai-regulation-whats-coming-next.webp","the-future-of-ai-regulation-whats-coming-next","future","future/the-future-of-ai-regulation-whats-coming-next.webp",.webp,234.1,"Blue #4285F4 + Yellow #FBBC04",Oversized
"upskilling-for-ai-era-what-professionals-need.png","upskilling-for-ai-era-what-professionals-need","future","future/upskilling-for-ai-era-what-professionals-need.png",.png,5710.0,"Blue #4285F4 + Yellow #FBBC04",Oversized
"upskilling-for-ai-era-what-professionals-need.webp","upskilling-for-ai-era-what-professionals-need","future","future/upskilling-for-ai-era-what-professionals-need.webp",.webp,249.1,"Blue #4285F4 + Yellow #FBBC04",Oversized
"about-me-page-break.png","about-me-page-break","heroes","heroes/about-me-page-break.png",.png,12580.4,"Path-specific gradients",Oversized
"about-me-page-break.webp","about-me-page-break","heroes","heroes/about-me-page-break.webp",.webp,283.6,"Path-specific gradients",Oversized
"danger-hero.png","danger-hero","heroes","heroes/danger-hero.png",.png,7751.9,"Path-specific gradients",Oversized
"danger-hero.webp","danger-hero","heroes","heroes/danger-hero.webp",.webp,49.6,"Path-specific gradients",OK
"future-hero.png","future-hero","heroes","heroes/future-hero.png",.png,11764.4,"Path-specific gradients",Oversized
"future-hero.webp","future-hero","heroes","heroes/future-hero.webp",.webp,97.0,"Path-specific gradients",OK
"history-hero.png","history-hero","heroes","heroes/history-hero.png",.png,7673.8,"Path-specific gradients",Oversized
"history-hero.webp","history-hero","heroes","heroes/history-hero.webp",.webp,444.7,"Path-specific gradients",Oversized
"responsibility-hero.png","responsibility-hero","heroes","heroes/responsibility-hero.png",.png,12388.3,"Path-specific gradients",Oversized
"responsibility-hero.webp","responsibility-hero","heroes","heroes/responsibility-hero.webp",.webp,185.6,"Path-specific gradients",OK
"risk-hero.png","risk-hero","heroes","heroes/risk-hero.png",.png,294.2,"Path-specific gradients",Oversized
"risk-hero.webp","risk-hero","heroes","heroes/risk-hero.webp",.webp,34.7,"Path-specific gradients",OK
"terminology-hero.png","terminology-hero","heroes","heroes/terminology-hero.png",.png,1299.0,"Path-specific gradients",Oversized
"terminology-hero.webp","terminology-hero","heroes","heroes/terminology-hero.webp",.webp,80.0,"Path-specific gradients",OK
"ai-compute-gpus.png","ai-compute-gpus","history","history/ai-compute-gpus.png",.png,6615.0,"Toffee Brown #936639",Oversized
"ai-compute-gpus.webp","ai-compute-gpus","history","history/ai-compute-gpus.webp",.webp,486.8,"Toffee Brown #936639",Oversized
"ai-family-tree.png","ai-family-tree","history","history/ai-family-tree.png",.png,7468.8,"Toffee Brown #936639",Oversized
"ai-family-tree.webp","ai-family-tree","history","history/ai-family-tree.webp",.webp,288.9,"Toffee Brown #936639",Oversized
"ai-history-timeline-f.png","ai-history-timeline-f","history","history/ai-history-timeline-f.png",.png,8621.9,"Toffee Brown #936639",Oversized
"ai-history-timeline-f.webp","ai-history-timeline-f","history","history/ai-history-timeline-f.webp",.webp,417.8,"Toffee Brown #936639",Oversized
"ai-technology-stack.png","ai-technology-stack","history","history/ai-technology-stack.png",.png,7633.4,"Toffee Brown #936639",Oversized
"ai-technology-stack.webp","ai-technology-stack","history","history/ai-technology-stack.webp",.webp,224.6,"Toffee Brown #936639",Oversized
"ai-vs-automation.png","ai-vs-automation","history","history/ai-vs-automation.png",.png,10983.4,"Toffee Brown #936639",Oversized
"ai-vs-automation.webp","ai-vs-automation","history","history/ai-vs-automation.webp",.webp,172.9,"Toffee Brown #936639",OK
"data-behind-ai.png","data-behind-ai","history","history/data-behind-ai.png",.png,12533.6,"Toffee Brown #936639",Oversized
"data-behind-ai.webp","data-behind-ai","history","history/data-behind-ai.webp",.webp,347.7,"Toffee Brown #936639",Oversized
"deep-learning-explained.png","deep-learning-explained","history","history/deep-learning-explained.png",.png,1299.0,"Toffee Brown #936639",Oversized
"deep-learning-explained.webp","deep-learning-explained","history","history/deep-learning-explained.webp",.webp,80.0,"Toffee Brown #936639",OK
"environmental-cost-ai.png","environmental-cost-ai","history","history/environmental-cost-ai.png",.png,1185.2,"Toffee Brown #936639",Oversized
"environmental-cost-ai.webp","environmental-cost-ai","history","history/environmental-cost-ai.webp",.webp,51.1,"Toffee Brown #936639",OK
"foundation-models.png","foundation-models","history","history/foundation-models.png",.png,6103.7,"Toffee Brown #936639",Oversized
"foundation-models.webp","foundation-models","history","history/foundation-models.webp",.webp,390.1,"Toffee Brown #936639",Oversized
"generative-ai-explained.png","generative-ai-explained","history","history/generative-ai-explained.png",.png,9969.3,"Toffee Brown #936639",Oversized
"generative-ai-explained.webp","generative-ai-explained","history","history/generative-ai-explained.webp",.webp,232.3,"Toffee Brown #936639",Oversized
"large-language-models.png","large-language-models","history","history/large-language-models.png",.png,11786.5,"Toffee Brown #936639",Oversized
"large-language-models.webp","large-language-models","history","history/large-language-models.webp",.webp,510.5,"Toffee Brown #936639",Oversized
"machine-learning-explained.png","machine-learning-explained","history","history/machine-learning-explained.png",.png,8275.7,"Toffee Brown #936639",Oversized
"machine-learning-explained.webp","machine-learning-explained","history","history/machine-learning-explained.webp",.webp,145.0,"Toffee Brown #936639",OK
"multimodal-ai.png","multimodal-ai","history","history/multimodal-ai.png",.png,6016.1,"Toffee Brown #936639",Oversized
"multimodal-ai.webp","multimodal-ai","history","history/multimodal-ai.webp",.webp,293.8,"Toffee Brown #936639",Oversized
"strong-vs-weak-ai.png","strong-vs-weak-ai","history","history/strong-vs-weak-ai.png",.png,8078.0,"Toffee Brown #936639",Oversized
"strong-vs-weak-ai.webp","strong-vs-weak-ai","history","history/strong-vs-weak-ai.webp",.webp,158.6,"Toffee Brown #936639",OK
"what-ai-actually-is.png","what-ai-actually-is","history","history/what-ai-actually-is.png",.png,7226.9,"Toffee Brown #936639",Oversized
"what-ai-actually-is.webp","what-ai-actually-is","history","history/what-ai-actually-is.webp",.webp,182.3,"Toffee Brown #936639",OK
"ai-governance-roadmap.png","ai-governance-roadmap","resources","resources/ai-governance-roadmap.png",.png,5336.0,"Mixed (category-based)",Oversized
"ai-governance-roadmap.webp","ai-governance-roadmap","resources","resources/ai-governance-roadmap.webp",.webp,216.3,"Mixed (category-based)",Oversized
"aigp-study-guide.png","aigp-study-guide","resources","resources/aigp-study-guide.png",.png,5612.6,"Mixed (category-based)",Oversized
"aigp-study-guide.webp","aigp-study-guide","resources","resources/aigp-study-guide.webp",.webp,257.9,"Mixed (category-based)",Oversized
"bias-audit-checklist.png","bias-audit-checklist","resources","resources/bias-audit-checklist.png",.png,5155.7,"Mixed (category-based)",Oversized
"bias-audit-checklist.webp","bias-audit-checklist","resources","resources/bias-audit-checklist.webp",.webp,163.8,"Mixed (category-based)",OK
"ethics-review-checklist.png","ethics-review-checklist","resources","resources/ethics-review-checklist.png",.png,5331.3,"Mixed (category-based)",Oversized
"ethics-review-checklist.webp","ethics-review-checklist","resources","resources/ethics-review-checklist.webp",.webp,230.4,"Mixed (category-based)",Oversized
"impact-assessment-template.png","impact-assessment-template","resources","resources/impact-assessment-template.png",.png,5776.5,"Mixed (category-based)",Oversized
"impact-assessment-template.webp","impact-assessment-template","resources","resources/impact-assessment-template.webp",.webp,139.1,"Mixed (category-based)",OK
"incident-response-playbook.png","incident-response-playbook","resources","resources/incident-response-playbook.png",.png,5534.0,"Mixed (category-based)",Oversized
"incident-response-playbook.webp","incident-response-playbook","resources","resources/incident-response-playbook.webp",.webp,221.6,"Mixed (category-based)",Oversized
"model-card-template.png","model-card-template","resources","resources/model-card-template.png",.png,4870.2,"Mixed (category-based)",Oversized
"model-card-template.webp","model-card-template","resources","resources/model-card-template.webp",.webp,174.6,"Mixed (category-based)",OK
"policy-templates.png","policy-templates","resources","resources/policy-templates.png",.png,5459.3,"Mixed (category-based)",Oversized
"policy-templates.webp","policy-templates","resources","resources/policy-templates.webp",.webp,176.6,"Mixed (category-based)",OK
"risk-assessment-template.png","risk-assessment-template","resources","resources/risk-assessment-template.png",.png,6104.6,"Mixed (category-based)",Oversized
"risk-assessment-template.webp","risk-assessment-template","resources","resources/risk-assessment-template.webp",.webp,223.9,"Mixed (category-based)",Oversized
"vendor-evaluation-scorecard.png","vendor-evaluation-scorecard","resources","resources/vendor-evaluation-scorecard.png",.png,5830.8,"Mixed (category-based)",Oversized
"vendor-evaluation-scorecard.webp","vendor-evaluation-scorecard","resources","resources/vendor-evaluation-scorecard.webp",.webp,227.0,"Mixed (category-based)",Oversized
"ai-accountability-who-is-responsible-when-ai-causes-harm.png","ai-accountability-who-is-responsible-when-ai-causes-harm","responsibility","responsibility/ai-accountability-who-is-responsible-when-ai-causes-harm.png",.png,6235.7,"Dry Sage #a4ac86",Oversized
"ai-accountability-who-is-responsible-when-ai-causes-harm.webp","ai-accountability-who-is-responsible-when-ai-causes-harm","responsibility","responsibility/ai-accountability-who-is-responsible-when-ai-causes-harm.webp",.webp,234.6,"Dry Sage #a4ac86",Oversized
"ai-and-employment-law-hiring-algorithms-under-scrutiny.png","ai-and-employment-law-hiring-algorithms-under-scrutiny","responsibility","responsibility/ai-and-employment-law-hiring-algorithms-under-scrutiny.png",.png,8291.5,"Dry Sage #a4ac86",Oversized
"ai-and-employment-law-hiring-algorithms-under-scrutiny.webp","ai-and-employment-law-hiring-algorithms-under-scrutiny","responsibility","responsibility/ai-and-employment-law-hiring-algorithms-under-scrutiny.webp",.webp,236.7,"Dry Sage #a4ac86",Oversized
"ai-and-intellectual-property-copyright-patents-and-trade-secrets.png","ai-and-intellectual-property-copyright-patents-and-trade-secrets","responsibility","responsibility/ai-and-intellectual-property-copyright-patents-and-trade-secrets.png",.png,5679.9,"Dry Sage #a4ac86",Oversized
"ai-and-intellectual-property-copyright-patents-and-trade-secrets.webp","ai-and-intellectual-property-copyright-patents-and-trade-secrets","responsibility","responsibility/ai-and-intellectual-property-copyright-patents-and-trade-secrets.webp",.webp,194.0,"Dry Sage #a4ac86",OK
"ai-governance-frameworks-building-your-organizations-approach.png","ai-governance-frameworks-building-your-organizations-approach","responsibility","responsibility/ai-governance-frameworks-building-your-organizations-approach.png",.png,9573.8,"Dry Sage #a4ac86",Oversized
"ai-governance-frameworks-building-your-organizations-approach.webp","ai-governance-frameworks-building-your-organizations-approach","responsibility","responsibility/ai-governance-frameworks-building-your-organizations-approach.webp",.webp,328.8,"Dry Sage #a4ac86",Oversized
"ai-regulatory-sandboxes-testing-innovation-safely.png","ai-regulatory-sandboxes-testing-innovation-safely","responsibility","responsibility/ai-regulatory-sandboxes-testing-innovation-safely.png",.png,5953.6,"Dry Sage #a4ac86",Oversized
"ai-regulatory-sandboxes-testing-innovation-safely.webp","ai-regulatory-sandboxes-testing-innovation-safely","responsibility","responsibility/ai-regulatory-sandboxes-testing-innovation-safely.webp",.webp,284.0,"Dry Sage #a4ac86",Oversized
"ai-transparency-what-users-deserve-to-know.png","ai-transparency-what-users-deserve-to-know","responsibility","responsibility/ai-transparency-what-users-deserve-to-know.png",.png,10118.9,"Dry Sage #a4ac86",Oversized
"ai-transparency-what-users-deserve-to-know.webp","ai-transparency-what-users-deserve-to-know","responsibility","responsibility/ai-transparency-what-users-deserve-to-know.webp",.webp,152.1,"Dry Sage #a4ac86",OK
"brazils-ai-bill-regulation-in-latin-america.png","brazils-ai-bill-regulation-in-latin-america","responsibility","responsibility/brazils-ai-bill-regulation-in-latin-america.png",.png,11325.3,"Dry Sage #a4ac86",Oversized
"brazils-ai-bill-regulation-in-latin-america.webp","brazils-ai-bill-regulation-in-latin-america","responsibility","responsibility/brazils-ai-bill-regulation-in-latin-america.webp",.webp,233.9,"Dry Sage #a4ac86",Oversized
"california-ai-regulations-the-golden-states-approach.png","california-ai-regulations-the-golden-states-approach","responsibility","responsibility/california-ai-regulations-the-golden-states-approach.png",.png,11845.0,"Dry Sage #a4ac86",Oversized
"california-ai-regulations-the-golden-states-approach.webp","california-ai-regulations-the-golden-states-approach","responsibility","responsibility/california-ai-regulations-the-golden-states-approach.webp",.webp,178.5,"Dry Sage #a4ac86",OK
"chinas-ai-governance-a-different-model.png","chinas-ai-governance-a-different-model","responsibility","responsibility/chinas-ai-governance-a-different-model.png",.png,6199.4,"Dry Sage #a4ac86",Oversized
"chinas-ai-governance-a-different-model.webp","chinas-ai-governance-a-different-model","responsibility","responsibility/chinas-ai-governance-a-different-model.webp",.webp,177.5,"Dry Sage #a4ac86",OK
"consumer-protection-and-ai-ftc-section-5-explained.png","consumer-protection-and-ai-ftc-section-5-explained","responsibility","responsibility/consumer-protection-and-ai-ftc-section-5-explained.png",.png,5889.4,"Dry Sage #a4ac86",Oversized
"consumer-protection-and-ai-ftc-section-5-explained.webp","consumer-protection-and-ai-ftc-section-5-explained","responsibility","responsibility/consumer-protection-and-ai-ftc-section-5-explained.webp",.webp,359.0,"Dry Sage #a4ac86",Oversized
"cross-border-ai-compliance-navigating-multiple-jurisdictions.png","cross-border-ai-compliance-navigating-multiple-jurisdictions","responsibility","responsibility/cross-border-ai-compliance-navigating-multiple-jurisdictions.png",.png,1583.9,"Dry Sage #a4ac86",Oversized
"cross-border-ai-compliance-navigating-multiple-jurisdictions.webp","cross-border-ai-compliance-navigating-multiple-jurisdictions","responsibility","responsibility/cross-border-ai-compliance-navigating-multiple-jurisdictions.webp",.webp,128.5,"Dry Sage #a4ac86",OK
"foundation-model-obligations-what-the-eu-ai-act-requires.png","foundation-model-obligations-what-the-eu-ai-act-requires","responsibility","responsibility/foundation-model-obligations-what-the-eu-ai-act-requires.png",.png,1599.0,"Dry Sage #a4ac86",Oversized
"foundation-model-obligations-what-the-eu-ai-act-requires.webp","foundation-model-obligations-what-the-eu-ai-act-requires","responsibility","responsibility/foundation-model-obligations-what-the-eu-ai-act-requires.webp",.webp,143.5,"Dry Sage #a4ac86",OK
"global-ai-law-tracker-whos-regulating-what.png","global-ai-law-tracker-whos-regulating-what","responsibility","responsibility/global-ai-law-tracker-whos-regulating-what.png",.png,12546.2,"Dry Sage #a4ac86",Oversized
"global-ai-law-tracker-whos-regulating-what.webp","global-ai-law-tracker-whos-regulating-what","responsibility","responsibility/global-ai-law-tracker-whos-regulating-what.webp",.webp,200.9,"Dry Sage #a4ac86",Oversized
"human-centered-ai-design-keeping-people-in-the-loop.png","human-centered-ai-design-keeping-people-in-the-loop","responsibility","responsibility/human-centered-ai-design-keeping-people-in-the-loop.png",.png,5221.7,"Dry Sage #a4ac86",Oversized
"human-centered-ai-design-keeping-people-in-the-loop.webp","human-centered-ai-design-keeping-people-in-the-loop","responsibility","responsibility/human-centered-ai-design-keeping-people-in-the-loop.webp",.webp,152.9,"Dry Sage #a4ac86",OK
"nyc-local-law-144-automated-employment-decision-tools.png","nyc-local-law-144-automated-employment-decision-tools","responsibility","responsibility/nyc-local-law-144-automated-employment-decision-tools.png",.png,12649.5,"Dry Sage #a4ac86",Oversized
"nyc-local-law-144-automated-employment-decision-tools.webp","nyc-local-law-144-automated-employment-decision-tools","responsibility","responsibility/nyc-local-law-144-automated-employment-decision-tools.webp",.webp,254.2,"Dry Sage #a4ac86",Oversized
"singapores-ai-framework-the-business-friendly-approach.png","singapores-ai-framework-the-business-friendly-approach","responsibility","responsibility/singapores-ai-framework-the-business-friendly-approach.png",.png,5225.6,"Dry Sage #a4ac86",Oversized
"singapores-ai-framework-the-business-friendly-approach.webp","singapores-ai-framework-the-business-friendly-approach","responsibility","responsibility/singapores-ai-framework-the-business-friendly-approach.webp",.webp,152.9,"Dry Sage #a4ac86",OK
"the-eu-ai-act-europes-landmark-regulation-explained.png","the-eu-ai-act-europes-landmark-regulation-explained","responsibility","responsibility/the-eu-ai-act-europes-landmark-regulation-explained.png",.png,5448.9,"Dry Sage #a4ac86",Oversized
"the-eu-ai-act-europes-landmark-regulation-explained.webp","the-eu-ai-act-europes-landmark-regulation-explained","responsibility","responsibility/the-eu-ai-act-europes-landmark-regulation-explained.webp",.webp,232.6,"Dry Sage #a4ac86",Oversized
"the-legal-patchwork-existing-laws-that-apply-to-ai.png","the-legal-patchwork-existing-laws-that-apply-to-ai","responsibility","responsibility/the-legal-patchwork-existing-laws-that-apply-to-ai.png",.png,13852.4,"Dry Sage #a4ac86",Oversized
"the-legal-patchwork-existing-laws-that-apply-to-ai.webp","the-legal-patchwork-existing-laws-that-apply-to-ai","responsibility","responsibility/the-legal-patchwork-existing-laws-that-apply-to-ai.webp",.webp,661.7,"Dry Sage #a4ac86",Oversized
"the-right-to-explanation-what-gdpr-actually-requires.png","the-right-to-explanation-what-gdpr-actually-requires","responsibility","responsibility/the-right-to-explanation-what-gdpr-actually-requires.png",.png,5411.0,"Dry Sage #a4ac86",Oversized
"the-right-to-explanation-what-gdpr-actually-requires.webp","the-right-to-explanation-what-gdpr-actually-requires","responsibility","responsibility/the-right-to-explanation-what-gdpr-actually-requires.webp",.webp,195.0,"Dry Sage #a4ac86",OK
"uk-ai-regulation-the-pro-innovation-framework.png","uk-ai-regulation-the-pro-innovation-framework","responsibility","responsibility/uk-ai-regulation-the-pro-innovation-framework.png",.png,5075.9,"Dry Sage #a4ac86",Oversized
"uk-ai-regulation-the-pro-innovation-framework.webp","uk-ai-regulation-the-pro-innovation-framework","responsibility","responsibility/uk-ai-regulation-the-pro-innovation-framework.webp",.webp,156.0,"Dry Sage #a4ac86",OK
"ai-accountability.png","ai-accountability","risk","risk/ai-accountability.png",.png,12479.0,"Dark Walnut #582f0e",Oversized
"ai-accountability.webp","ai-accountability","risk","risk/ai-accountability.webp",.webp,265.5,"Dark Walnut #582f0e",Oversized
"ai-bill-of-rights.png","ai-bill-of-rights","risk","risk/ai-bill-of-rights.png",.png,12456.3,"Dark Walnut #582f0e",Oversized
"ai-bill-of-rights.webp","ai-bill-of-rights","risk","risk/ai-bill-of-rights.webp",.webp,200.0,"Dark Walnut #582f0e",OK
"ai-hallucinations.png","ai-hallucinations","risk","risk/ai-hallucinations.png",.png,5078.9,"Dark Walnut #582f0e",Oversized
"ai-hallucinations.webp","ai-hallucinations","risk","risk/ai-hallucinations.webp",.webp,169.5,"Dark Walnut #582f0e",OK
"ai-misinformation-democracy.png","ai-misinformation-democracy","risk","risk/ai-misinformation-democracy.png",.png,5023.4,"Dark Walnut #582f0e",Oversized
"ai-misinformation-democracy.webp","ai-misinformation-democracy","risk","risk/ai-misinformation-democracy.webp",.webp,78.1,"Dark Walnut #582f0e",OK
"ai-privacy-dilemma.png","ai-privacy-dilemma","risk","risk/ai-privacy-dilemma.png",.png,7388.7,"Dark Walnut #582f0e",Oversized
"ai-privacy-dilemma.webp","ai-privacy-dilemma","risk","risk/ai-privacy-dilemma.webp",.webp,158.8,"Dark Walnut #582f0e",OK
"ai-safety-failures.png","ai-safety-failures","risk","risk/ai-safety-failures.png",.png,9289.6,"Dark Walnut #582f0e",Oversized
"ai-safety-failures.webp","ai-safety-failures","risk","risk/ai-safety-failures.webp",.webp,132.7,"Dark Walnut #582f0e",OK
"ai-transparency.png","ai-transparency","risk","risk/ai-transparency.png",.png,6252.4,"Dark Walnut #582f0e",Oversized
"ai-transparency.webp","ai-transparency","risk","risk/ai-transparency.webp",.webp,354.0,"Dark Walnut #582f0e",Oversized
"algorithmic-bias.png","algorithmic-bias","risk","risk/algorithmic-bias.png",.png,6971.9,"Dark Walnut #582f0e",Oversized
"algorithmic-bias.webp","algorithmic-bias","risk","risk/algorithmic-bias.webp",.webp,247.4,"Dark Walnut #582f0e",Oversized
"autonomous-weapons.png","autonomous-weapons","risk","risk/autonomous-weapons.png",.png,5104.9,"Dark Walnut #582f0e",Oversized
"autonomous-weapons.webp","autonomous-weapons","risk","risk/autonomous-weapons.webp",.webp,155.5,"Dark Walnut #582f0e",OK
"black-box-explainability.png","black-box-explainability","risk","risk/black-box-explainability.png",.png,6353.3,"Dark Walnut #582f0e",Oversized
"black-box-explainability.webp","black-box-explainability","risk","risk/black-box-explainability.webp",.webp,78.1,"Dark Walnut #582f0e",OK
"deepfakes-trust-crisis.png","deepfakes-trust-crisis","risk","risk/deepfakes-trust-crisis.png",.png,7615.5,"Dark Walnut #582f0e",Oversized
"deepfakes-trust-crisis.webp","deepfakes-trust-crisis","risk","risk/deepfakes-trust-crisis.webp",.webp,149.3,"Dark Walnut #582f0e",OK
"ethics-landscape.png","ethics-landscape","risk","risk/ethics-landscape.png",.png,5354.5,"Dark Walnut #582f0e",Oversized
"ethics-landscape.webp","ethics-landscape","risk","risk/ethics-landscape.webp",.webp,171.6,"Dark Walnut #582f0e",OK
"fairness-definitions.png","fairness-definitions","risk","risk/fairness-definitions.png",.png,11697.3,"Dark Walnut #582f0e",Oversized
"fairness-definitions.webp","fairness-definitions","risk","risk/fairness-definitions.webp",.webp,221.1,"Dark Walnut #582f0e",Oversized
"human-centered-ai.png","human-centered-ai","risk","risk/human-centered-ai.png",.png,6621.9,"Dark Walnut #582f0e",Oversized
"human-centered-ai.webp","human-centered-ai","risk","risk/human-centered-ai.webp",.webp,552.0,"Dark Walnut #582f0e",Oversized
"job-displacement.png","job-displacement","risk","risk/job-displacement.png",.png,5546.2,"Dark Walnut #582f0e",Oversized
"job-displacement.webp","job-displacement","risk","risk/job-displacement.webp",.webp,224.3,"Dark Walnut #582f0e",Oversized
"oecd-ai-principles.png","oecd-ai-principles","risk","risk/oecd-ai-principles.png",.png,12791.9,"Dark Walnut #582f0e",Oversized
"oecd-ai-principles.webp","oecd-ai-principles","risk","risk/oecd-ai-principles.webp",.webp,268.4,"Dark Walnut #582f0e",Oversized
"responsible-ai-practice.png","responsible-ai-practice","risk","risk/responsible-ai-practice.png",.png,13051.7,"Dark Walnut #582f0e",Oversized
"responsible-ai-practice.webp","responsible-ai-practice","risk","risk/responsible-ai-practice.webp",.webp,366.8,"Dark Walnut #582f0e",Oversized
"taxonomy-ai-harms.png","taxonomy-ai-harms","risk","risk/taxonomy-ai-harms.png",.png,12573.2,"Dark Walnut #582f0e",Oversized
"taxonomy-ai-harms.webp","taxonomy-ai-harms","risk","risk/taxonomy-ai-harms.webp",.webp,288.4,"Dark Walnut #582f0e",Oversized
"trustworthy-ai-pillars.png","trustworthy-ai-pillars","risk","risk/trustworthy-ai-pillars.png",.png,10043.0,"Dark Walnut #582f0e",Oversized
"trustworthy-ai-pillars.webp","trustworthy-ai-pillars","risk","risk/trustworthy-ai-pillars.webp",.webp,188.8,"Dark Walnut #582f0e",OK
"unesco-ai-ethics.png","unesco-ai-ethics","risk","risk/unesco-ai-ethics.png",.png,13611.1,"Dark Walnut #582f0e",Oversized
"unesco-ai-ethics.webp","unesco-ai-ethics","risk","risk/unesco-ai-ethics.webp",.webp,479.6,"Dark Walnut #582f0e",Oversized
"bias-variance-tradeoff.png","bias-variance-tradeoff","terminology","terminology/bias-variance-tradeoff.png",.png,5274.6,"Camel #a68a64",Oversized
"bias-variance-tradeoff.webp","bias-variance-tradeoff","terminology","terminology/bias-variance-tradeoff.webp",.webp,109.6,"Camel #a68a64",OK
"cnns-image-recognition.png","cnns-image-recognition","terminology","terminology/cnns-image-recognition.png",.png,6821.1,"Camel #a68a64",Oversized
"cnns-image-recognition.webp","cnns-image-recognition","terminology","terminology/cnns-image-recognition.webp",.webp,624.9,"Camel #a68a64",Oversized
"embeddings-vectors.png","embeddings-vectors","terminology","terminology/embeddings-vectors.png",.png,6428.4,"Camel #a68a64",Oversized
"embeddings-vectors.webp","embeddings-vectors","terminology","terminology/embeddings-vectors.webp",.webp,356.1,"Camel #a68a64",Oversized
"feature-engineering.png","feature-engineering","terminology","terminology/feature-engineering.png",.png,5560.3,"Camel #a68a64",Oversized
"feature-engineering.webp","feature-engineering","terminology","terminology/feature-engineering.webp",.webp,277.3,"Camel #a68a64",Oversized
"hyperparameters-vs-parameters.png","hyperparameters-vs-parameters","terminology","terminology/hyperparameters-vs-parameters.png",.png,5514.9,"Camel #a68a64",Oversized
"hyperparameters-vs-parameters.webp","hyperparameters-vs-parameters","terminology","terminology/hyperparameters-vs-parameters.webp",.webp,210.1,"Camel #a68a64",Oversized
"inference-vs-training.png","inference-vs-training","terminology","terminology/inference-vs-training.png",.png,5646.2,"Camel #a68a64",Oversized
"inference-vs-training.webp","inference-vs-training","terminology","terminology/inference-vs-training.webp",.webp,247.0,"Camel #a68a64",Oversized
"machine-learning-terminology.png","machine-learning-terminology","terminology","terminology/machine-learning-terminology.png",.png,6775.9,"Camel #a68a64",Oversized
"machine-learning-terminology.webp","machine-learning-terminology","terminology","terminology/machine-learning-terminology.webp",.webp,515.3,"Camel #a68a64",Oversized
"model-size-scale.png","model-size-scale","terminology","terminology/model-size-scale.png",.png,5400.4,"Camel #a68a64",Oversized
"model-size-scale.webp","model-size-scale","terminology","terminology/model-size-scale.webp",.webp,173.4,"Camel #a68a64",OK
"neural-networks-basics.png","neural-networks-basics","terminology","terminology/neural-networks-basics.png",.png,5475.7,"Camel #a68a64",Oversized
"neural-networks-basics.webp","neural-networks-basics","terminology","terminology/neural-networks-basics.webp",.webp,221.6,"Camel #a68a64",Oversized
"pre-training-fine-tuning.png","pre-training-fine-tuning","terminology","terminology/pre-training-fine-tuning.png",.png,6135.7,"Camel #a68a64",Oversized
"pre-training-fine-tuning.webp","pre-training-fine-tuning","terminology","terminology/pre-training-fine-tuning.webp",.webp,414.6,"Camel #a68a64",Oversized
"rnns-sequence-data.png","rnns-sequence-data","terminology","terminology/rnns-sequence-data.png",.png,5999.4,"Camel #a68a64",Oversized
"rnns-sequence-data.webp","rnns-sequence-data","terminology","terminology/rnns-sequence-data.webp",.webp,244.6,"Camel #a68a64",Oversized
"supervised-unsupervised.png","supervised-unsupervised","terminology","terminology/supervised-unsupervised.png",.png,6031.2,"Camel #a68a64",Oversized
"supervised-unsupervised.webp","supervised-unsupervised","terminology","terminology/supervised-unsupervised.webp",.webp,189.9,"Camel #a68a64",OK
"training-validation-test.png","training-validation-test","terminology","terminology/training-validation-test.png",.png,5599.8,"Camel #a68a64",Oversized
"training-validation-test.webp","training-validation-test","terminology","terminology/training-validation-test.webp",.webp,259.1,"Camel #a68a64",Oversized
"transformers-architecture.png","transformers-architecture","terminology","terminology/transformers-architecture.png",.png,7068.7,"Camel #a68a64",Oversized
"transformers-architecture.webp","transformers-architecture","terminology","terminology/transformers-architecture.webp",.webp,568.6,"Camel #a68a64",Oversized
